,danceability,energy,loudness,tempo,valence
1/1/10,0.61519,0.7046400000000004,5.556399999999997,116.33526000000002,0.5117499999999999
1/6/10,0.6121300000000001,0.7042500000000003,5.621230000000001,117.69281000000002,0.51055
1/11/10,0.6139199999999999,0.7133800000000003,5.331289999999999,118.12413000000004,0.51679
1/16/10,0.6139199999999999,0.7133800000000003,5.331289999999999,118.12413000000004,0.51679
1/21/10,0.61785,0.7110300000000004,5.349880000000001,117.46047000000004,0.5266400000000001
1/26/10,0.6149699999999999,0.6986999999999999,5.48068,115.37442000000004,0.5158600000000001
1/31/10,0.6207499999999999,0.6801300000000002,5.79501,115.04905,0.5212300000000002
2/5/10,0.6207499999999999,0.6801300000000002,5.79501,115.04905,0.5212300000000002
2/10/10,0.61993,0.6747300000000003,6.07281,115.54921999999996,0.53486
2/15/10,0.60639,0.6694100000000003,6.008660000000001,116.16329000000002,0.5229800000000003
2/20/10,0.60639,0.6694100000000003,6.008660000000001,116.16329000000002,0.5229800000000003
2/25/10,0.6168600000000001,0.6844900000000003,5.744160000000001,116.29738999999996,0.5213300000000001
3/2/10,0.6105599999999999,0.6865000000000002,5.740590000000003,117.84023999999998,0.52023
3/7/10,0.6110999999999998,0.6836000000000001,5.87369,116.86296999999999,0.5108099999999998
3/12/10,0.6110999999999998,0.6836000000000001,5.87369,116.86296999999999,0.5108099999999998
3/17/10,0.6152699999999997,0.6978500000000003,5.71347,118.32126000000004,0.5276469999999999
3/22/10,0.6203799999999996,0.6982099999999999,5.673700000000001,119.51697,0.5348369999999997
3/27/10,0.6203799999999996,0.6982099999999999,5.673700000000001,119.51697,0.5348369999999997
4/1/10,0.6247399999999997,0.6882799999999999,5.731430000000001,118.75805000000004,0.5286869999999998
4/6/10,0.6115099999999996,0.68283,5.73121,120.33067000000004,0.5128469999999999
4/11/10,0.6172199999999995,0.6832199999999999,5.744440000000001,119.17752000000004,0.507727
4/16/10,0.6172199999999995,0.6832199999999999,5.744440000000001,119.17752000000004,0.507727
4/21/10,0.6110999999999998,0.6950999999999997,5.637259999999999,120.16503999999998,0.5117270000000002
4/26/10,0.6124399999999998,0.7034,5.61768,118.61295999999996,0.519257
5/1/10,0.6124399999999998,0.7034,5.61768,118.61295999999996,0.519257
5/6/10,0.6202099999999998,0.7120199999999997,5.535710000000003,120.33415999999997,0.5138100000000001
5/11/10,0.6116699999999999,0.7007199999999999,5.68325,119.73968,0.5141209999999998
5/16/10,0.6221899999999998,0.7117699999999995,5.59938,117.7449,0.53743
5/21/10,0.6221899999999998,0.7117699999999995,5.59938,117.7449,0.53743
5/26/10,0.6204,0.70457,5.679729999999998,119.10320000000004,0.5403959999999999
5/31/10,0.6130101010101008,0.7017111111111108,5.701535353535353,117.14839393939398,0.5007202020202021
6/5/10,0.6130101010101008,0.7017111111111108,5.701535353535353,117.14839393939398,0.5007202020202021
6/10/10,0.6063333333333331,0.6868222222222222,5.794797979797982,119.21760606060607,0.4905121212121212
6/15/10,0.6211717171717169,0.6957979797979796,5.5115050505050505,119.49716161616159,0.5133101010101011
6/20/10,0.6126868686868685,0.6980454545454545,5.709414141414143,117.27027272727273,0.5073323232323234
6/25/10,0.6126868686868685,0.6980454545454545,5.709414141414143,117.27027272727273,0.5073323232323234
6/30/10,0.6238877551020408,0.7071224489795918,5.297255102040818,116.86387755102041,0.5052377551020408
7/5/10,0.6161919191919191,0.7128989898989897,5.330787878787879,118.49970707070709,0.5185888888888889
7/10/10,0.6161919191919191,0.7128989898989897,5.330787878787879,118.49970707070709,0.5185888888888889
7/15/10,0.6176565656565655,0.7193131313131313,5.284787878787879,119.26632323232323,0.5110898989898989
7/20/10,0.6133636363636364,0.7148888888888894,5.368353535353536,119.30496969696976,0.5029383838383837
7/25/10,0.6162222222222221,0.7146464646464645,5.3808181818181815,119.3654747474748,0.5061111111111111
7/30/10,0.6162222222222221,0.7146464646464645,5.3808181818181815,119.3654747474748,0.5061111111111111
8/4/10,0.6187575757575757,0.7185151515151514,5.330919191919193,120.83226262626265,0.5151010101010101
8/9/10,0.6167373737373737,0.72369696969697,5.354606060606059,121.10840404040407,0.5126404040404041
8/14/10,0.6167373737373737,0.72369696969697,5.354606060606059,121.10840404040407,0.5126404040404041
8/19/10,0.6254242424242424,0.7218888888888894,5.371929292929293,121.0256868686869,0.5173272727272727
8/24/10,0.6275353535353537,0.7262020202020204,5.376767676767679,121.17164646464646,0.5390171717171716
8/29/10,0.6281919191919193,0.7283030303030303,5.3706666666666685,120.9362222222222,0.5314020202020201
9/3/10,0.6281919191919193,0.7283030303030303,5.3706666666666685,120.9362222222222,0.5314020202020201
9/8/10,0.6337474747474748,0.7345353535353535,5.308121212121214,121.70216161616163,0.5447858585858585
9/13/10,0.6343636363636365,0.7198878787878789,5.549929292929296,121.7840202020202,0.5452909090909089
9/18/10,0.6343636363636365,0.7198878787878789,5.549929292929296,121.7840202020202,0.5452909090909089
9/23/10,0.6415757575757578,0.7093323232323232,5.613979797979798,125.1138383838384,0.5455232323232322
9/28/10,0.6429696969696971,0.7126454545454546,5.746797979797977,123.07269696969696,0.5389676767676768
10/3/10,0.6467142857142859,0.71335612244898,5.777163265306123,124.07470408163263,0.5441714285714286
10/8/10,0.6467142857142859,0.71335612244898,5.777163265306123,124.07470408163263,0.5441714285714286
10/13/10,0.6597857142857143,0.7086826530612242,5.861408163265307,124.67124489795916,0.5472530612244899
10/18/10,0.6368787878787879,0.6997060606060609,5.87449494949495,127.17878787878784,0.547937373737374
10/23/10,0.6368787878787879,0.6997060606060609,5.87449494949495,127.17878787878784,0.547937373737374
10/28/10,0.6417474747474747,0.7094737373737376,5.837747474747473,126.32870707070707,0.539778787878788
11/2/10,0.63862,0.7205789999999999,5.687789999999999,126.4719,0.532941
11/7/10,0.6387600000000002,0.7081989999999999,5.980589999999999,127.63710000000003,0.536515
11/12/10,0.6387600000000002,0.7081989999999999,5.980589999999999,127.63710000000003,0.536515
11/17/10,0.6419999999999999,0.7255489999999999,5.721409999999998,127.07630999999998,0.5445869999999999
11/22/10,0.6447878787878787,0.7060797979797979,6.068848484848481,127.01625252525251,0.5314919191919195
11/27/10,0.6447878787878787,0.7060797979797979,6.068848484848481,127.01625252525251,0.5314919191919195
12/2/10,0.6384242424242424,0.7056858585858584,6.13112121212121,127.81948484848482,0.5211888888888889
12/7/10,0.6442061855670103,0.699926804123711,6.038453608247424,128.50703092783505,0.5079247422680412
12/12/10,0.6390102040816324,0.6988357142857143,6.100051020408162,125.6503979591837,0.5017724489795918
12/17/10,0.6390102040816324,0.6988357142857143,6.100051020408162,125.6503979591837,0.5017724489795918
12/22/10,0.63355,0.6864689999999999,6.220799999999998,127.23402,0.4865069999999999
12/27/10,0.6285454545454543,0.6820090909090911,6.189787878787878,127.90852525252527,0.4876131313131312
1/1/11,0.6285454545454543,0.6820090909090911,6.189787878787878,127.90852525252527,0.4876131313131312
1/6/11,0.6291399999999998,0.7012289999999999,5.882009999999997,129.69756999999998,0.4824170000000002
1/11/11,0.6376199999999999,0.6996889999999999,5.9334599999999975,129.68120000000002,0.49361700000000003
1/16/11,0.6226767676767676,0.6970393939393941,5.9418484848484825,130.54111111111112,0.4879161616161614
1/21/11,0.6226767676767676,0.6970393939393941,5.9418484848484825,130.54111111111112,0.4879161616161614
1/26/11,0.6228989898989901,0.6907676767676765,5.885454545454544,128.12032323232322,0.4811585858585857
1/31/11,0.6220909090909089,0.6945454545454545,5.807313131313131,128.5325454545454,0.4780767676767677
2/5/11,0.6220909090909089,0.6945454545454545,5.807313131313131,128.5325454545454,0.4780767676767677
2/10/11,0.6251616161616161,0.6942929292929294,5.7995959595959565,127.84188888888887,0.4753797979797981
2/15/11,0.6177979797979799,0.6968989898989901,5.733121212121213,128.7995454545454,0.4695959595959596
2/20/11,0.6331938775510206,0.6840408163265306,5.881612244897957,127.36505102040816,0.4638265306122451
2/25/11,0.6331938775510206,0.6840408163265306,5.881612244897957,127.36505102040816,0.4638265306122451
3/2/11,0.6170927835051547,0.6951649484536083,5.761237113402058,127.46341237113405,0.4619237113402062
3/7/11,0.6243636363636362,0.6847373737373738,5.846383838383836,126.56784848484853,0.4701777777777778
3/12/11,0.6243636363636362,0.6847373737373738,5.846383838383836,126.56784848484853,0.4701777777777778
3/17/11,0.6290404040404041,0.6926969696969696,5.798555555555557,128.3579797979798,0.4727222222222223
3/22/11,0.6202121212121213,0.6936363636363635,5.901888888888887,128.75317171717177,0.4603181818181818
3/27/11,0.6126938775510208,0.6709591836734694,6.3514285714285705,128.50343877551023,0.4556510204081633
4/1/11,0.6126938775510208,0.6709591836734694,6.3514285714285705,128.50343877551023,0.4556510204081633
4/6/11,0.6141212121212124,0.6743838383838383,5.968525252525255,127.14532323232328,0.4437626262626263
4/11/11,0.6225656565656568,0.673131313131313,5.908333333333332,126.56850505050508,0.4527121212121212
4/16/11,0.6225656565656568,0.673131313131313,5.908333333333332,126.56850505050508,0.4527121212121212
4/21/11,0.6158989898989901,0.6876868686868689,5.761858585858586,127.4246262626263,0.4535404040404041
4/26/11,0.6067777777777777,0.6944949494949496,5.689464646464647,126.98912121212128,0.449419191919192
5/1/11,0.6043979591836734,0.6925102040816329,5.612438775510206,124.9662040816327,0.4498346938775512
5/6/11,0.6043979591836734,0.6925102040816329,5.612438775510206,124.9662040816327,0.4498346938775512
5/11/11,0.5961122448979591,0.6816326530612246,5.8142244897959205,123.93544897959191,0.4498020408163267
5/16/11,0.6058181818181818,0.6937070707070708,5.931222222222225,125.55178787878788,0.4646242424242424
5/21/11,0.6058181818181818,0.6937070707070708,5.931222222222225,125.55178787878788,0.4646242424242424
5/26/11,0.6082142857142857,0.7056122448979594,5.733479591836738,125.24595918367343,0.4877102040816327
5/31/11,0.6168877551020409,0.7045918367346943,5.633326530612244,125.61479591836736,0.4762448979591837
6/5/11,0.6146464646464646,0.7073434343434345,5.685090909090911,126.8108585858586,0.4803222222222221
6/10/11,0.6146464646464646,0.7073434343434345,5.685090909090911,126.8108585858586,0.4803222222222221
6/15/11,0.6198181818181818,0.7193333333333332,5.531818181818184,125.7297575757576,0.4979494949494949
6/20/11,0.6134747474747476,0.7127777777777777,5.655202020202018,125.15464646464649,0.494539393939394
6/25/11,0.6134747474747476,0.7127777777777777,5.655202020202018,125.15464646464649,0.494539393939394
6/30/11,0.6257551020408163,0.7062346938775507,5.760653061224491,124.12657142857141,0.5140051020408163
7/5/11,0.6219090909090911,0.6982222222222222,5.778272727272729,124.33787878787878,0.5190707070707072
7/10/11,0.6265686868686869,0.692666666666667,5.94859595959596,121.88765656565657,0.5136636363636363
7/15/11,0.6265686868686869,0.692666666666667,5.94859595959596,121.88765656565657,0.5136636363636363
7/20/11,0.6306464646464646,0.6831979797979798,6.047020202020205,123.41049494949495,0.4976767676767677
7/25/11,0.6286464646464646,0.6919393939393937,5.7377474747474775,124.55580808080805,0.502151515151515
7/30/11,0.6286464646464646,0.6919393939393937,5.7377474747474775,124.55580808080805,0.502151515151515
8/4/11,0.6299292929292928,0.6796060606060605,5.86976767676768,121.93765656565657,0.5096565656565656
8/9/11,0.6299200000000001,0.67948,5.818120000000001,120.12962999999996,0.5267999999999998
8/14/11,0.6254900000000001,0.6902900000000001,5.698240000000001,120.99741000000002,0.5233800000000001
8/19/11,0.6254900000000001,0.6902900000000001,5.698240000000001,120.99741000000002,0.5233800000000001
8/24/11,0.6342399999999999,0.6898099999999998,5.8765,120.50738,0.54346
8/29/11,0.62752,0.6933599999999999,5.8725700000000005,121.09523000000004,0.5321359999999999
9/3/11,0.62752,0.6933599999999999,5.8725700000000005,121.09523000000004,0.5321359999999999
9/8/11,0.6263700000000001,0.6788800000000001,5.92276,121.07492000000002,0.5172459999999999
9/13/11,0.6198600000000001,0.68814,5.892360000000001,119.32740000000008,0.500664
9/18/11,0.6226999999999999,0.68581,5.8779400000000015,119.98308000000007,0.501726
9/23/11,0.6226999999999999,0.68581,5.8779400000000015,119.98308000000007,0.501726
9/28/11,0.6179399999999999,0.6817000000000004,6.045690000000002,120.14164000000008,0.5058560000000001
10/3/11,0.6155899999999999,0.6932699999999999,5.9593,121.54985000000006,0.5149660000000001
10/8/11,0.6155899999999999,0.6932699999999999,5.9593,121.54985000000006,0.5149660000000001
10/13/11,0.6104199999999999,0.6960600000000001,5.917740000000001,120.57892000000008,0.5175220000000001
10/18/11,0.61135,0.7043000000000003,5.7557599999999995,120.37419000000006,0.5244959999999999
Unnamed: 0,,,,,
10/23/11,0.6156899999999998,0.7046399999999998,5.79408,118.2312,0.5218359999999999
10/28/11,0.6156899999999998,0.7046399999999998,5.79408,118.2312,0.5218359999999999
11/2/11,0.6146399999999999,0.6854300000000002,5.942499999999997,120.41351,0.5160859999999998
11/7/11,0.6141599999999996,0.6988500000000001,5.9598900000000015,118.54483,0.5252959999999998
11/12/11,0.6141599999999996,0.6988500000000001,5.9598900000000015,118.54483,0.5252959999999998
11/17/11,0.6123199999999999,0.6944299999999999,5.9326599999999985,117.78322,0.5051259999999997
11/22/11,0.6239699999999998,0.6969500000000002,5.987510000000002,121.23024,0.509786
11/27/11,0.6171399999999998,0.6985199999999999,5.950470000000001,122.09516999999998,0.507466
12/2/11,0.6171399999999998,0.6985199999999999,5.950470000000001,122.09516999999998,0.507466
12/7/11,0.6331299999999996,0.6996399999999998,5.824090000000003,122.21076999999997,0.5057359999999999
12/12/11,0.6164899999999999,0.6837099999999999,6.0627200000000006,120.88066999999994,0.4848959999999998
12/17/11,0.6164899999999999,0.6837099999999999,6.0627200000000006,120.88066999999994,0.4848959999999998
12/22/11,0.6157346938775511,0.6837244897959183,6.258030612244897,121.2171224489796,0.4696408163265304
12/27/11,0.6157979797979798,0.6827474747474744,6.196303030303029,123.40185858585855,0.4786747474747473
1/1/12,0.6274299999999997,0.70158,5.9612200000000035,122.81499999999998,0.4901959999999997
1/6/12,0.6274299999999997,0.70158,5.9612200000000035,122.81499999999998,0.4901959999999997
1/11/12,0.6178099999999997,0.7027999999999999,5.916480000000003,124.62339999999996,0.4862759999999998
1/16/12,0.6182399999999997,0.6969200000000001,5.94019,123.81883,0.4795559999999998
1/21/12,0.6182399999999997,0.6969200000000001,5.94019,123.81883,0.4795559999999998
1/26/12,0.6237199999999996,0.6871799999999998,5.996900000000003,124.35916999999998,0.4960599999999998
1/31/12,0.6305918367346937,0.68314693877551,6.094418367346938,123.15108163265305,0.4904897959183672
2/5/12,0.6328199999999996,0.6884299999999998,6.005330000000001,121.72164,0.4815599999999998
2/10/12,0.6328199999999996,0.6884299999999998,6.005330000000001,121.72164,0.4815599999999998
2/15/12,0.6380399999999997,0.6906800000000001,6.001940000000002,120.50402000000004,0.4937999999999997
2/20/12,0.6271212121212119,0.6822727272727271,6.136151515151518,119.71989898989901,0.4850101010101007
2/25/12,0.6271212121212119,0.6822727272727271,6.136151515151518,119.71989898989901,0.4850101010101007
3/1/12,0.6268979591836733,0.6796326530612244,6.118244897959187,121.61791836734696,0.4843306122448977
3/6/12,0.6311428571428568,0.6754285714285713,6.115948979591838,118.91978571428572,0.4809469387755098
3/11/12,0.6478099999999998,0.6772399999999997,6.035580000000002,119.82611999999999,0.4911359999999997
3/16/12,0.6478099999999998,0.6772399999999997,6.035580000000002,119.82611999999999,0.4911359999999997
3/21/12,0.6393199999999999,0.68867,5.9267600000000025,120.33904000000004,0.4868899999999997
3/26/12,0.6394299999999999,0.6963799999999999,5.869280000000001,120.60846,0.4882999999999996
3/31/12,0.6394299999999999,0.6963799999999999,5.869280000000001,120.60846,0.4882999999999996
4/5/12,0.63532,0.6922699999999999,5.991740000000001,120.59415000000007,0.4923799999999997
4/10/12,0.6358600000000001,0.692144,6.10232,120.09192000000006,0.5047299999999999
4/15/12,0.6299699999999998,0.70186,5.6977100000000025,120.61258000000002,0.5057649999999998
4/20/12,0.6299699999999998,0.70186,5.6977100000000025,120.61258000000002,0.5057649999999998
4/25/12,0.6291212121212121,0.692438383838384,6.073929292929294,122.31420202020205,0.516681818181818
4/30/12,0.6417070707070708,0.7002060606060607,5.8806969696969675,120.5018282828283,0.5180202020202017
5/5/12,0.6417070707070708,0.7002060606060607,5.8806969696969675,120.5018282828283,0.5180202020202017
5/10/12,0.64676,0.7070540000000001,5.786850000000004,121.76235000000004,0.52668
5/15/12,0.6292700000000001,0.714704,5.71475,124.28068999999999,0.50977
5/20/12,0.6260899999999999,0.7047239999999999,5.928950000000002,123.46499000000004,0.5054379999999998
5/25/12,0.6260899999999999,0.7047239999999999,5.928950000000002,123.46499000000004,0.5054379999999998
5/30/12,0.6324900000000001,0.7193539999999997,5.732940000000001,122.22487999999996,0.5293400000000001
6/4/12,0.6296499999999999,0.7149939999999998,5.6812200000000015,123.97253999999997,0.5215900000000001
6/9/12,0.6296499999999999,0.7149939999999998,5.6812200000000015,123.97253999999997,0.5215900000000001
6/14/12,0.63326,0.7117939999999997,5.77712,122.14289,0.5232
6/19/12,0.6325100000000003,0.7025439999999997,5.962789999999999,122.26554000000002,0.5281199999999999
6/24/12,0.6407400000000001,0.7099739999999997,5.845519999999999,122.64012999999998,0.5353100000000001
6/29/12,0.6407400000000001,0.7099739999999997,5.845519999999999,122.64012999999998,0.5353100000000001
7/4/12,0.6421100000000001,0.7069539999999996,5.947829999999998,122.27042000000002,0.5373899999999999
7/9/12,0.6452700000000001,0.7157239999999999,5.901909999999999,122.53476000000003,0.54694
7/14/12,0.6452700000000001,0.7157239999999999,5.901909999999999,122.53476000000003,0.54694
7/19/12,0.6472700000000002,0.7148339999999999,5.852819999999998,122.45172000000008,0.5430699999999999
7/24/12,0.6464200000000001,0.7192639999999997,5.7349099999999975,124.27134000000004,0.5542799999999998
7/29/12,0.6361414141414142,0.7251151515151514,5.712131313131312,122.52285858585859,0.5587676767676766
8/3/12,0.6361414141414142,0.7251151515151514,5.712131313131312,122.52285858585859,0.5587676767676766
8/8/12,0.6340899999999998,0.726004,5.644840000000001,124.88224000000002,0.5558099999999999
8/13/12,0.6313399999999999,0.7131739999999998,5.801750000000001,124.48903,0.5355199999999999
8/18/12,0.6313399999999999,0.7131739999999998,5.801750000000001,124.48903,0.5355199999999999
8/23/12,0.6281399999999999,0.7140740000000001,5.77615,125.21383000000002,0.5283499999999999
8/28/12,0.63105,0.7134139999999998,5.779570000000001,125.72227000000002,0.5384099999999999
9/2/12,0.6323699999999999,0.7218599999999996,5.556309999999999,124.01311000000004,0.54306
9/7/12,0.6323699999999999,0.7218599999999996,5.556309999999999,124.01311000000004,0.54306
9/12/12,0.63266,0.7081399999999997,5.633319999999998,123.60168000000004,0.52617
9/17/12,0.6292999999999997,0.70494,5.694869999999997,121.95765000000004,0.521778
9/22/12,0.6292999999999997,0.70494,5.694869999999997,121.95765000000004,0.521778
9/27/12,0.6235757575757576,0.707878787878788,5.618656565656568,122.07553535353534,0.5186343434343433
10/2/12,0.6317799999999998,0.7083699999999999,5.664650000000003,121.59856,0.5216399999999999
10/7/12,0.6209999999999998,0.69591,5.76218,121.77201999999996,0.5167229999999998
10/12/12,0.6209999999999998,0.69591,5.76218,121.77201999999996,0.5167229999999998
10/17/12,0.6124499999999997,0.6992500000000001,5.6616800000000005,121.65389999999998,0.501512
10/22/12,0.6125499999999998,0.6989299999999998,5.709959999999999,121.04056999999996,0.5008219999999999
10/27/12,0.6125499999999998,0.6989299999999998,5.709959999999999,121.04056999999996,0.5008219999999999
11/1/12,0.6174999999999998,0.7020900000000002,5.6916199999999995,122.89928999999998,0.5138189999999999
11/6/12,0.6239100000000001,0.68397,5.850079999999998,123.27313000000002,0.5032689999999999
11/11/12,0.6257499999999999,0.6772100000000001,5.9359100000000025,124.00613,0.505579
11/16/12,0.6257499999999999,0.6772100000000001,5.9359100000000025,124.00613,0.505579
11/21/12,0.6255199999999997,0.6871100000000001,5.87256,123.65482,0.5136989999999999
11/26/12,0.6304699999999999,0.6864899999999998,5.92413,122.67106000000001,0.5322089999999999
12/1/12,0.6304699999999999,0.6864899999999998,5.92413,122.67106000000001,0.5322089999999999
12/6/12,0.6227676767676767,0.6787272727272728,6.0745454545454525,122.69374747474748,0.5093020202020202
12/11/12,0.6228282828282828,0.6813838383838383,6.021282828282822,123.44408080808084,0.5103040404040406
12/16/12,0.6197599999999999,0.6600100000000001,6.348589999999998,122.29864,0.4966880000000001
12/21/12,0.6197599999999999,0.6600100000000001,6.348589999999998,122.29864,0.4966880000000001
12/26/12,0.6277799999999999,0.6701199999999999,6.300719999999997,123.1537,0.5015609999999999
12/31/12,0.6283299999999999,0.6630899999999998,6.3512299999999975,122.71795,0.490851
1/5/13,0.6283299999999999,0.6630899999999998,6.3512299999999975,122.71795,0.490851
1/10/13,0.6238000000000001,0.6638739999999999,6.317159999999999,121.59181,0.5087510000000001
1/15/13,0.6252800000000001,0.6529640000000001,6.487099999999997,123.21399,0.4972210000000002
1/20/13,0.6218000000000001,0.6526339999999997,6.470510000000003,122.62142999999998,0.4895310000000002
1/25/13,0.6218000000000001,0.6526339999999997,6.470510000000003,122.62142999999998,0.4895310000000002
1/30/13,0.6280400000000002,0.6630199999999998,6.21617,122.02748999999999,0.502931
2/4/13,0.6299300000000001,0.6728299999999998,6.123459999999999,122.58362,0.5076509999999999
2/9/13,0.6299300000000001,0.6728299999999998,6.123459999999999,122.58362,0.5076509999999999
2/14/13,0.624828282828283,0.6611010101010101,6.216656565656563,122.45954545454546,0.5029414141414141
2/19/13,0.6277400000000002,0.6666499999999997,6.22489,123.6621,0.5010319999999999
2/24/13,0.62944,0.66194,6.2413500000000015,122.53672000000005,0.489631
3/1/13,0.62944,0.66194,6.2413500000000015,122.53672000000005,0.489631
3/6/13,0.6402399999999999,0.6593200000000001,6.1853099999999985,122.98238000000003,0.4939510000000002
3/11/13,0.6414600000000001,0.6688300000000001,6.101869999999997,123.72927,0.49940100000000004
3/16/13,0.6414600000000001,0.6688300000000001,6.101869999999997,123.72927,0.49940100000000004
3/21/13,0.6372700000000002,0.6757799999999999,6.120859999999997,125.30783,0.5028020000000001
3/26/13,0.6391100000000001,0.67887,6.047379999999998,124.69312,0.4988819999999998
3/31/13,0.6340200000000003,0.6816,6.046179999999998,124.96282999999998,0.5028370000000001
4/5/13,0.6340200000000003,0.6816,6.046179999999998,124.96282999999998,0.5028370000000001
4/10/13,0.6323300000000004,0.6820900000000001,5.983099999999997,125.03426999999998,0.4959870000000003
4/15/13,0.6307500000000004,0.68281,6.00384,125.00950999999998,0.5030370000000004
4/20/13,0.6307500000000004,0.68281,6.00384,125.00950999999998,0.5030370000000004
4/25/13,0.6269000000000002,0.6809099999999999,6.0968199999999975,125.36068999999998,0.4951970000000002
4/30/13,0.6297300000000002,0.68963,6.023769999999996,125.20844999999996,0.5136050000000002
5/5/13,0.6281600000000003,0.6835599999999998,6.0777699999999975,124.75509999999996,0.5017350000000002
5/10/13,0.6281600000000003,0.6835599999999998,6.0777699999999975,124.75509999999996,0.5017350000000002
5/15/13,0.6277200000000002,0.6828399999999998,5.977809999999996,124.90712,0.5023250000000001
5/20/13,0.6258100000000003,0.6820899999999998,5.94198,125.42988999999996,0.4981550000000001
5/25/13,0.6258100000000003,0.6820899999999998,5.94198,125.42988999999996,0.4981550000000001
5/30/13,0.6289600000000002,0.6746099999999997,5.9310199999999975,125.11165999999996,0.507245
6/4/13,0.63046,0.6787159999999998,6.0135400000000025,123.80782999999998,0.503169
6/9/13,0.6278700000000002,0.6708959999999997,6.103989999999998,124.58395,0.5049090000000002
6/14/13,0.6278700000000002,0.6708959999999997,6.103989999999998,124.58395,0.5049090000000002
6/19/13,0.6253900000000002,0.6759999999999998,5.817279999999998,124.98337999999998,0.4982650000000001
6/24/13,0.6152200000000001,0.6635500000000001,6.0010900000000005,121.72928000000002,0.4790850000000003
6/29/13,0.6152200000000001,0.6635500000000001,6.0010900000000005,121.72928000000002,0.4790850000000003
7/4/13,0.6139600000000001,0.6671600000000001,6.182749999999999,123.96172000000004,0.4972250000000003
7/9/13,0.61261,0.6834600000000001,5.879690000000003,122.59374,0.4961550000000004
7/14/13,0.6140900000000001,0.6809599999999998,5.923070000000001,121.96219,0.5017350000000004
7/19/13,0.6140900000000001,0.6809599999999998,5.923070000000001,121.96219,0.5017350000000004
7/24/13,0.6159399999999999,0.6759799999999998,6.1079099999999995,122.36725,0.4807710000000003
7/29/13,0.6167900000000002,0.6830699999999997,5.843270000000002,122.12356000000001,0.5055910000000001
8/3/13,0.6167900000000002,0.6830699999999997,5.843270000000002,122.12356000000001,0.5055910000000001
8/8/13,0.6318199999999999,0.6852899999999998,5.823630000000001,121.99831,0.5146910000000001
8/13/13,0.6269099999999999,0.6825599999999997,5.872790000000001,120.46411999999997,0.500691
8/18/13,0.6307999999999999,0.67742,5.9204099999999995,120.48678999999993,0.486636
8/23/13,0.6307999999999999,0.67742,5.9204099999999995,120.48678999999993,0.486636
8/28/13,0.6323099999999997,0.6773700000000001,5.8026300000000015,120.08429,0.5002559999999999
9/2/13,0.6340999999999998,0.67496,5.875769999999998,120.23605,0.492166
9/7/13,0.6340999999999998,0.67496,5.875769999999998,120.23605,0.492166
9/12/13,0.6300199999999999,0.6758,5.869519999999999,122.1537,0.4979060000000001
9/17/13,0.6331299999999997,0.6726100000000002,5.894749999999998,120.10967000000002,0.501996
9/22/13,0.6337299999999998,0.6786300000000001,5.927039999999997,119.88543000000006,0.5151359999999999
9/27/13,0.6337299999999998,0.6786300000000001,5.927039999999997,119.88543000000006,0.5151359999999999
10/2/13,0.6343499999999999,0.6877600000000001,5.812340000000002,121.18592999999998,0.5127060000000001
10/7/13,0.6368399999999999,0.6805300000000004,5.94136,119.59759,0.5030960000000001
10/12/13,0.6368399999999999,0.6805300000000004,5.94136,119.59759,0.5030960000000001
10/17/13,0.6411800000000001,0.6808000000000003,5.8468599999999995,120.34078999999998,0.5157960000000001
10/22/13,0.6370300000000001,0.6780700000000002,5.952079999999999,120.35396000000001,0.514513
10/27/13,0.6389100000000001,0.6785800000000001,5.742849999999999,121.12620000000004,0.5105130000000002
11/1/13,0.6389100000000001,0.6785800000000001,5.742849999999999,121.12620000000004,0.5105130000000002
11/6/13,0.63485,0.6839200000000001,5.7896100000000015,121.09064000000004,0.5144630000000001
11/11/13,0.64055,0.6924299999999998,5.650759999999999,122.66896000000004,0.5136530000000001
11/16/13,0.64055,0.6924299999999998,5.650759999999999,122.66896000000004,0.5136530000000001
11/21/13,0.6468599999999998,0.6763399999999998,5.7663600000000015,120.94579000000002,0.509493
11/26/13,0.64585,0.6787800000000002,5.674120000000001,120.68287,0.5006130000000001
12/1/13,0.6410399999999998,0.6662100000000001,5.90066,119.72901,0.490383
12/6/13,0.6410399999999998,0.6662100000000001,5.90066,119.72901,0.490383
12/11/13,0.6321717171717173,0.6748585858585859,5.653585858585857,122.22614141414137,0.4858818181818183
12/16/13,0.6277474747474748,0.6654949494949494,5.894747474747472,122.16725252525248,0.4697707070707069
12/21/13,0.6277474747474748,0.6654949494949494,5.894747474747472,122.16725252525248,0.4697707070707069
12/26/13,0.6182929292929294,0.6708686868686871,5.885242424242424,121.6123737373737,0.467790909090909
12/31/13,0.6257373737373736,0.6606969696969696,5.974888888888887,123.72540404040392,0.4714474747474747
1/5/14,0.6279898989898989,0.6740202020202021,5.720636363636364,122.39075757575752,0.4735333333333333
1/10/14,0.6279898989898989,0.6740202020202021,5.720636363636364,122.39075757575752,0.4735333333333333
1/15/14,0.6303939393939394,0.673070707070707,5.8442222222222195,120.80888888888883,0.4745333333333333
1/20/14,0.6298787878787878,0.6755959595959594,5.799121212121209,120.3317272727272,0.4596242424242427
1/25/14,0.6298787878787878,0.6755959595959594,5.799121212121209,120.3317272727272,0.4596242424242427
1/30/14,0.6241010101010103,0.6698282828282829,5.897272727272724,120.91010101010096,0.4754868686868688
2/4/14,0.6249595959595962,0.6717373737373737,5.885696969696969,120.4565757575757,0.4869515151515152
2/9/14,0.6261111111111111,0.6748474747474749,5.95528282828283,118.9538282828282,0.4788030303030305
2/14/14,0.6261111111111111,0.6748474747474749,5.95528282828283,118.9538282828282,0.4788030303030305
2/19/14,0.6249696969696971,0.6722828282828284,5.926838383838384,118.6353333333333,0.4768636363636365
2/24/14,0.6291818181818182,0.6751616161616163,5.9147878787878785,119.16928282828285,0.5073383838383839
3/1/14,0.6291818181818182,0.6751616161616163,5.9147878787878785,119.16928282828285,0.5073383838383839
3/6/14,0.6308787878787879,0.6733535353535356,5.896494949494952,119.28708080808084,0.4975909090909094
3/11/14,0.6275858585858587,0.6757777777777779,5.843737373737376,118.07408080808085,0.4931767676767679
3/16/14,0.6341212121212122,0.6744545454545456,5.972525252525253,117.56031313131321,0.4923383838383839
3/21/14,0.6341212121212122,0.6744545454545456,5.972525252525253,117.56031313131321,0.4923383838383839
3/26/14,0.6273535353535354,0.6775656565656565,5.977696969696969,118.3551616161617,0.4796262626262627
3/31/14,0.6249797979797981,0.6837676767676769,5.885717171717173,117.58131313131314,0.47944949494949496
4/5/14,0.6249797979797981,0.6837676767676769,5.885717171717173,117.58131313131314,0.47944949494949496
4/10/14,0.6229090909090911,0.6946868686868687,5.855949494949496,119.97785858585856,0.4887424242424243
4/15/14,0.6232424242424244,0.6937575757575757,5.827646464646465,118.53338383838384,0.484237373737374
4/20/14,0.6275656565656567,0.6963535353535354,5.791333333333332,118.00278787878791,0.4890242424242425
4/25/14,0.6275656565656567,0.6963535353535354,5.791333333333332,118.00278787878791,0.4890242424242425
4/30/14,0.6276600000000002,0.6910800000000004,5.835159999999999,117.1648,0.479334
5/5/14,0.630616161616162,0.6958686868686867,5.691383838383835,117.24738383838384,0.483458585858586
5/10/14,0.630616161616162,0.6958686868686867,5.691383838383835,117.24738383838384,0.483458585858586
5/15/14,0.6397700000000003,0.69565,5.723169999999998,116.67483,0.5043840000000002
5/20/14,0.6426700000000003,0.6950799999999997,5.823339999999999,118.12705000000004,0.5168340000000002
5/25/14,0.64353,0.6953799999999998,5.757889999999999,116.24037000000004,0.511914
5/30/14,0.64353,0.6953799999999998,5.757889999999999,116.24037000000004,0.511914
6/4/14,0.6421399999999999,0.6870449999999998,5.851200000000001,117.72433000000002,0.5177840000000001
6/9/14,0.6455,0.6894999999999999,5.85691,117.46150999999996,0.5063700000000003
6/14/14,0.6455,0.6894999999999999,5.85691,117.46150999999996,0.5063700000000003
6/19/14,0.6369299999999999,0.6933600000000001,5.722130000000001,118.06693,0.5223320000000002
6/24/14,0.6420100000000001,0.6919600000000001,5.772730000000001,117.62600000000002,0.5257540000000003
6/29/14,0.6427599999999998,0.6841700000000002,5.927620000000003,116.64570000000002,0.5222540000000001
7/4/14,0.6427599999999998,0.6841700000000002,5.927620000000003,116.64570000000002,0.5222540000000001
7/9/14,0.64742,0.6859099999999999,5.86112,119.84267,0.5283140000000001
7/14/14,0.6478600000000001,0.69147,5.722599999999999,119.62300999999998,0.5186339999999999
7/19/14,0.6478600000000001,0.69147,5.722599999999999,119.62300999999998,0.5186339999999999
7/24/14,0.6578700000000001,0.68147,5.800009999999998,118.36494,0.523284
7/29/14,0.6563800000000001,0.6888799999999999,5.775799999999999,118.41524,0.526334
8/3/14,0.6663799999999999,0.6846100000000003,5.8272299999999975,117.87840000000004,0.537896
8/8/14,0.6663799999999999,0.6846100000000003,5.8272299999999975,117.87840000000004,0.537896
8/13/14,0.66518,0.6950900000000001,5.631999999999998,119.16209000000003,0.5532440000000001
8/18/14,0.6747099999999999,0.7014100000000001,5.583119999999999,118.99987000000004,0.5656439999999999
8/23/14,0.6747099999999999,0.7014100000000001,5.583119999999999,118.99987000000004,0.5656439999999999
8/28/14,0.6750999999999999,0.69596,5.608219999999998,119.88806999999996,0.5567139999999999
9/2/14,0.68238,0.6997600000000002,5.49185,120.77684999999998,0.5663090000000001
9/7/14,0.68262,0.6977800000000001,5.619299999999999,120.86691,0.5611099999999998
9/12/14,0.68262,0.6977800000000001,5.619299999999999,120.86691,0.5611099999999998
9/17/14,0.6826300000000002,0.6988899999999997,5.594000000000001,119.98013,0.5642999999999998
9/22/14,0.6677300000000003,0.6850199999999999,5.644289999999999,120.03251999999996,0.5589299999999999
9/27/14,0.6677300000000003,0.6850199999999999,5.644289999999999,120.03251999999996,0.5589299999999999
10/2/14,0.6663900000000003,0.6871899999999997,5.7034600000000015,121.74629999999998,0.55904
10/7/14,0.6712800000000001,0.68912,5.5973700000000015,121.36882999999996,0.5453899999999999
10/12/14,0.6654900000000002,0.68171,5.678280000000004,121.69242999999994,0.5183439999999999
10/17/14,0.6654900000000002,0.68171,5.678280000000004,121.69242999999994,0.5183439999999999
10/22/14,0.6640000000000001,0.6774700000000001,5.683270000000001,120.99635999999992,0.5215510000000001
10/27/14,0.66132,0.6734300000000003,5.882990000000001,120.38657999999994,0.523854
11/1/14,0.66132,0.6734300000000003,5.882990000000001,120.38657999999994,0.523854
11/6/14,0.6582600000000001,0.6761600000000001,5.754740000000003,120.20486999999996,0.5056390000000001
11/11/14,0.6451600000000001,0.6860300000000004,5.696009999999999,121.57411999999997,0.5250039999999998
11/16/14,0.6482899999999999,0.6836300000000002,5.724679999999998,119.39282999999998,0.515084
11/21/14,0.6482899999999999,0.6836300000000002,5.724679999999998,119.39282999999998,0.515084
11/26/14,0.6501600000000001,0.68896,5.743739999999999,119.81515000000002,0.5126819999999999
12/1/14,0.6456161616161615,0.674585858585859,5.86642424242424,118.44547474747473,0.4997242424242422
12/6/14,0.6456161616161615,0.674585858585859,5.86642424242424,118.44547474747473,0.4997242424242422
12/11/14,0.63908,0.6691199999999999,6.148399999999998,120.76897000000002,0.488307
12/16/14,0.6231600000000002,0.66673,6.1738100000000005,122.21695000000004,0.4812100000000001
12/21/14,0.6188686868686869,0.6566464646464645,6.2538787878787865,120.01532323232323,0.4777040404040405
12/26/14,0.6188686868686869,0.6566464646464645,6.2538787878787865,120.01532323232323,0.4777040404040405
12/31/14,0.6160900000000001,0.6743199999999997,6.088749999999999,122.49844000000002,0.4772869999999999
1/5/15,0.6234000000000002,0.6638299999999995,6.129559999999998,120.75902999999998,0.4729720000000002
1/10/15,0.6234000000000002,0.6638299999999995,6.129559999999998,120.75902999999998,0.4729720000000002
1/15/15,0.6203700000000001,0.6602699999999997,6.135989999999998,122.06532,0.4606770000000001
1/20/15,0.6181313131313133,0.6768686868686866,5.980747474747474,122.80925252525257,0.4840292929292929
1/25/15,0.6171200000000002,0.6799999999999998,5.86931,124.20744000000002,0.486609
1/30/15,0.6171200000000002,0.6799999999999998,5.86931,124.20744000000002,0.486609
2/4/15,0.6202799999999999,0.6785300000000002,5.927799999999999,124.12804,0.4779690000000001
2/9/15,0.6199300000000001,0.6712400000000001,6.0366800000000005,123.97948999999998,0.473221
2/14/15,0.6199300000000001,0.6712400000000001,6.0366800000000005,123.97948999999998,0.473221
2/19/15,0.6198600000000001,0.65286,6.189070000000003,125.07259000000003,0.4644210000000001
2/24/15,0.6294900000000002,0.6586299999999998,6.187260000000001,126.21672000000004,0.4756459999999999
3/1/15,0.6437100000000001,0.6469999999999999,6.320590000000003,124.63165000000008,0.469611
3/6/15,0.6437100000000001,0.6469999999999999,6.320590000000003,124.63165000000008,0.469611
3/11/15,0.6327799999999999,0.6390199999999998,6.43107,125.48531000000004,0.46528500000000006
3/16/15,0.6270000000000001,0.6483999999999999,6.359910000000001,126.97771000000007,0.459482
3/21/15,0.6270000000000001,0.6483999999999999,6.359910000000001,126.97771000000007,0.459482
3/26/15,0.6323899999999999,0.6346399999999999,6.517530000000002,126.08740000000002,0.46230200000000005
3/31/15,0.6402800000000001,0.6557199999999999,6.288759999999996,125.85243000000006,0.4830519999999999
4/5/15,0.6346700000000001,0.6568600000000001,6.1904499999999985,126.44725000000004,0.4851419999999999
4/10/15,0.6346700000000001,0.6568600000000001,6.1904499999999985,126.44725000000004,0.4851419999999999
4/15/15,0.64169,0.6545100000000003,6.2535300000000005,125.86588000000003,0.4833219999999999
4/20/15,0.6387299999999999,0.6647700000000001,6.063900000000001,126.61914000000004,0.485482
4/25/15,0.6387299999999999,0.6647700000000001,6.063900000000001,126.61914000000004,0.485482
4/30/15,0.6273599999999999,0.6555099999999999,6.17415,128.02455000000006,0.4715419999999999
5/5/15,0.6260699999999997,0.6548899999999998,6.25398,127.79233000000002,0.4849369999999998
5/10/15,0.6267199999999997,0.6607599999999998,6.1427999999999985,129.74757000000002,0.4964519999999999
5/15/15,0.6267199999999997,0.6607599999999998,6.1427999999999985,129.74757000000002,0.4964519999999999
5/20/15,0.6310299999999998,0.6603600000000001,6.14519,128.75097000000008,0.4988419999999998
5/25/15,0.6353499999999997,0.6618400000000001,6.121220000000003,128.78064000000003,0.4978019999999999
5/30/15,0.6353499999999997,0.6618400000000001,6.121220000000003,128.78064000000003,0.4978019999999999
6/4/15,0.6399599999999998,0.6604100000000002,6.161170000000002,130.00889000000004,0.5111319999999999
6/9/15,0.6472899999999997,0.6597900000000001,6.23181,128.78463,0.5142539999999999
6/14/15,0.6402499999999998,0.6596900000000001,6.21927,128.25945,0.5022190000000001
6/19/15,0.6402499999999998,0.6596900000000001,6.21927,128.25945,0.5022190000000001
6/24/15,0.6392599999999998,0.66861,6.182670000000001,128.00477999999998,0.5093439999999999
6/29/15,0.6411399999999999,0.6698599999999999,6.166129999999999,127.19357,0.5178619999999998
7/4/15,0.6411399999999999,0.6698599999999999,6.166129999999999,127.19357,0.5178619999999998
7/9/15,0.6446200000000001,0.6781600000000002,6.07497,126.99744,0.522192
7/14/15,0.6472199999999999,0.6836899999999999,5.912459999999998,127.04161999999998,0.515093
7/19/15,0.6389199999999999,0.6890800000000002,5.904029999999999,128.89269,0.512483
7/24/15,0.6389199999999999,0.6890800000000002,5.904029999999999,128.89269,0.512483
7/29/15,0.6476700000000002,0.6918600000000003,5.876809999999999,128.66907,0.5071979999999999
8/3/15,0.6484000000000003,0.6919000000000003,5.863630000000001,129.14201999999997,0.518592
8/8/15,0.6484000000000003,0.6919000000000003,5.863630000000001,129.14201999999997,0.518592
8/13/15,0.6506000000000003,0.69113,5.914569999999998,127.75413999999999,0.5108779999999999
8/18/15,0.6499000000000001,0.6926599999999997,5.918580000000002,126.47681000000001,0.516882
8/23/15,0.6512,0.7000699999999996,5.860570000000001,126.38202,0.508287
8/25/15,0.6512,0.7000699999999996,5.860570000000001,126.38202,0.508287
8/30/15,0.6563900000000001,0.6927199999999997,5.995989999999999,125.95845999999996,0.5080000000000002
9/4/15,0.6563900000000001,0.6927199999999997,5.995989999999999,125.95845999999996,0.5080000000000002
9/9/15,0.6604399999999999,0.69494,5.980610000000001,124.21665999999992,0.5168250000000001
9/14/15,0.6502525252525253,0.6869494949494949,6.095979797979803,125.51579797979795,0.5078989898989898
9/19/15,0.6502525252525253,0.6869494949494949,6.095979797979803,125.51579797979795,0.5078989898989898
9/24/15,0.6562424242424242,0.6753232323232323,6.181898989898992,124.2955454545454,0.504989898989899
9/29/15,0.6629999999999998,0.6751400000000004,6.1813,124.03677999999996,0.4962300000000001
10/4/15,0.67228,0.6658200000000002,6.261439999999998,127.16546999999993,0.4886879999999998
10/9/15,0.67228,0.6658200000000002,6.261439999999998,127.16546999999993,0.4886879999999998
10/14/15,0.6795200000000001,0.6528100000000002,6.352279999999998,127.03815999999992,0.4874299999999998
10/19/15,0.67813,0.6546100000000002,6.370249999999999,126.94890999999994,0.4744429999999999
10/24/15,0.67813,0.6546100000000002,6.370249999999999,126.94890999999994,0.4744429999999999
10/29/15,0.6778600000000001,0.6563600000000003,6.297819999999998,124.62433,0.4732329999999999
11/3/15,0.6669499999999999,0.6591400000000004,6.339979999999998,125.90841,0.4722629999999999
11/8/15,0.6598999999999999,0.6610600000000004,6.28348,125.26209999999992,0.4820030000000001
11/13/15,0.6598999999999999,0.6610600000000004,6.28348,125.26209999999992,0.4820030000000001
11/18/15,0.6624099999999999,0.6555800000000002,6.3303199999999995,122.78439999999996,0.4730920000000001
11/23/15,0.66085,0.65705,6.368930000000002,124.14164999999998,0.478192
11/28/15,0.66085,0.65705,6.368930000000002,124.14164999999998,0.478192
12/3/15,0.6501999999999998,0.6264000000000002,6.5894600000000025,124.62234000000004,0.4718020000000001
12/8/15,0.6522899999999997,0.6388400000000002,6.553220000000001,125.12362999999998,0.4685690000000001
12/13/15,0.6461899999999999,0.6499900000000001,6.4328600000000025,125.71138,0.4743620000000001
12/18/15,0.6461899999999999,0.6499900000000001,6.4328600000000025,125.71138,0.4743620000000001
12/23/15,0.6441616161616163,0.6510505050505051,6.391686868686872,126.36002020202021,0.4699414141414142
12/28/15,0.6420909090909089,0.6474141414141417,6.357676767676772,125.6568686868687,0.4732444444444442
1/2/16,0.6420909090909089,0.6474141414141417,6.357676767676772,125.6568686868687,0.4732444444444442
1/7/16,0.6475399999999999,0.6464900000000001,6.5318400000000025,125.94559,0.477302
1/12/16,0.6563099999999997,0.6578000000000002,6.325930000000002,124.99265999999996,0.4743119999999997
1/17/16,0.6521099999999999,0.6685900000000001,6.3090800000000025,124.06920999999998,0.4695219999999998
1/22/16,0.6521099999999999,0.6685900000000001,6.3090800000000025,124.06920999999998,0.4695219999999998
1/27/16,0.6470699999999999,0.6756900000000001,6.3097900000000005,123.43344,0.4776619999999998
2/1/16,0.6473299999999998,0.6714300000000002,6.241940000000002,122.01201000000003,0.4765919999999999
2/6/16,0.6473299999999998,0.6714300000000002,6.241940000000002,122.01201000000003,0.4765919999999999
2/11/16,0.6486999999999997,0.6767700000000002,6.191710000000001,121.16479,0.4799379999999999
2/16/16,0.6577899999999997,0.6759499999999998,6.1007,120.88411000000008,0.4767059999999997
2/21/16,0.6532323232323228,0.6673434343434346,6.1667171717171705,121.04923232323236,0.4729252525252524
2/26/16,0.6532323232323228,0.6673434343434346,6.1667171717171705,121.04923232323236,0.4729252525252524
3/2/16,0.6472699999999998,0.6622500000000002,6.203639999999997,119.93295000000006,0.48050299999999996
3/7/16,0.6499499999999998,0.6439750000000001,6.353699999999999,119.95024000000004,0.462563
3/12/16,0.6499499999999998,0.6439750000000001,6.353699999999999,119.95024000000004,0.462563
3/17/16,0.6483099999999999,0.639955,6.332370000000001,119.85627,0.4605629999999998
3/22/16,0.6507448979591837,0.6442295918367347,6.395285714285716,120.60493877551019,0.4670948979591836
3/27/16,0.6469700000000002,0.6483450000000001,6.3426199999999975,120.74864,0.47349300000000005
4/1/16,0.6469700000000002,0.6483450000000001,6.3426199999999975,120.74864,0.47349300000000005
4/6/16,0.6495500000000001,0.6392849999999999,6.407490000000001,120.85662999999997,0.475013
4/11/16,0.6458800000000002,0.6312852010000002,6.486490000000001,118.69310999999996,0.4433480000000001
4/16/16,0.6458800000000002,0.6312852010000002,6.486490000000001,118.69310999999996,0.4433480000000001
4/21/16,0.6417300000000001,0.6171152010000003,6.531360000000001,117.04446999999996,0.4408760000000001
4/26/16,0.6410400000000002,0.6238952010000003,6.47506,116.71757,0.45051599999999997
5/1/16,0.64022,0.633885201,6.590139999999999,118.35940999999997,0.4555320000000002
5/6/16,0.64022,0.633885201,6.590139999999999,118.35940999999997,0.4555320000000002
5/11/16,0.6395353535353537,0.6361969696969697,6.65861616161616,120.66437373737377,0.4503656565656565
5/16/16,0.6442727272727273,0.6079444444444446,6.8415353535353525,117.92872727272729,0.4256686868686869
5/21/16,0.6442727272727273,0.6079444444444446,6.8415353535353525,117.92872727272729,0.4256686868686869
5/26/16,0.6442626262626264,0.6220860616161618,6.643313131313129,116.9185353535354,0.44188787878787866
5/31/16,0.6414444444444446,0.6147325262626264,6.786454545454543,116.5967070707071,0.440180808080808
6/5/16,0.6386161616161619,0.6112072737373739,6.706313131313128,117.86098989898993,0.4401505050505049
6/10/16,0.6386161616161619,0.6112072737373739,6.706313131313128,117.86098989898993,0.4401505050505049
6/15/16,0.636777777777778,0.6320557585858587,6.462949494949496,118.55073737373735,0.4424232323232323
6/20/16,0.6417474747474751,0.6263284858585859,6.457050505050503,118.4238181818182,0.4356656565656565
6/25/16,0.6417474747474751,0.6263284858585859,6.457050505050503,118.4238181818182,0.4356656565656565
6/30/16,0.6492222222222225,0.6233385868686869,6.521646464646461,118.74968686868687,0.4458979797979797
7/5/16,0.6502626262626264,0.6258941424242425,6.592666666666665,116.66758585858587,0.4429585858585859
7/10/16,0.6554040404040405,0.6311971727272727,6.5107474747474745,120.1666666666667,0.4439989898989901
7/15/16,0.6554040404040405,0.6311971727272727,6.5107474747474745,120.1666666666667,0.4439989898989901
7/20/16,0.6508888888888892,0.6377426272727273,6.495161616161616,122.16651515151514,0.4599585858585858
7/25/16,0.6496565656565659,0.6418537383838385,6.41820202020202,121.9490909090909,0.4744636363636364
7/30/16,0.6496565656565659,0.6418537383838385,6.41820202020202,121.9490909090909,0.4744636363636364
8/4/16,0.6592020202020206,0.6347727272727276,6.434777777777777,120.2352727272727,0.4599171717171717
8/9/16,0.6542929292929296,0.6453636363636365,6.319313131313131,120.55699999999996,0.4610383838383839
8/14/16,0.6529898989898992,0.6467373737373737,6.199727272727272,119.14483838383836,0.4573212121212122
8/19/16,0.6529898989898992,0.6467373737373737,6.199727272727272,119.14483838383836,0.4573212121212122
8/24/16,0.6491515151515156,0.6341919191919193,6.386262626262625,119.34334343434341,0.44548282828282815
8/29/16,0.6571600000000004,0.6332899999999999,6.37964,119.58689000000004,0.459453
9/3/16,0.6571600000000004,0.6332899999999999,6.37964,119.58689000000004,0.459453
9/8/16,0.6605900000000002,0.6305,6.364770000000003,119.79739999999998,0.448399
9/13/16,0.6630100000000004,0.6410400000000002,6.20346,119.8653,0.46129899999999996
9/18/16,0.6575900000000001,0.6249802010000002,6.447209999999999,119.23405000000002,0.442959
9/23/16,0.6575900000000001,0.6249802010000002,6.447209999999999,119.23405000000002,0.442959
9/28/16,0.6560200000000002,0.6259802010000002,6.521119999999999,119.09872,0.4478690000000001
10/3/16,0.6600999999999999,0.6330302010000001,6.402579999999998,119.79939,0.448969
10/8/16,0.6600999999999999,0.6330302010000001,6.402579999999998,119.79939,0.448969
10/13/16,0.6620000000000001,0.641860201,6.336939999999999,118.31541,0.45373900000000006
10/18/16,0.6574600000000003,0.6251702009999999,6.570469999999999,119.28095,0.4492190000000001
10/23/16,0.6576699999999999,0.6434002009999996,6.328480000000001,119.47901000000002,0.456924
10/28/16,0.6576699999999999,0.6434002009999996,6.328480000000001,119.47901000000002,0.456924
11/2/16,0.6700199999999998,0.6474902009999998,6.36597,119.55496000000004,0.47294899999999995
11/7/16,0.6724099999999998,0.6392102009999999,6.446809999999998,120.52083000000002,0.487389
11/12/16,0.6724099999999998,0.6392102009999999,6.446809999999998,120.52083000000002,0.487389
11/17/16,0.66432,0.6490402009999999,6.256930000000002,120.80389,0.4934089999999998
11/22/16,0.6694499999999998,0.6387002009999998,6.392480000000001,120.68508,0.47984799999999994
11/27/16,0.6628888888888886,0.6530709101010099,6.2318585858585855,119.75181818181818,0.4904727272727274
12/2/16,0.6628888888888886,0.6530709101010099,6.2318585858585855,119.75181818181818,0.4904727272727274
12/7/16,0.66475,0.6496902010000001,6.3278300000000005,119.95934,0.4787030000000002
12/12/16,0.6582929292929293,0.6271113141414142,6.71266666666667,118.30459595959593,0.4690393939393941
12/17/16,0.6582929292929293,0.6271113141414142,6.71266666666667,118.30459595959593,0.4690393939393941
12/22/16,0.6592799999999999,0.6366400000000003,6.480740000000001,120.56456000000004,0.4868790000000001
12/27/16,0.6589183673469389,0.6100918367346939,7.045051020408164,119.60416326530616,0.4665081632653061
1/1/17,0.6554646464646466,0.6047070707070706,7.127626262626264,123.01861616161615,0.4696858585858587
1/6/17,0.6554646464646466,0.6047070707070706,7.127626262626264,123.01861616161615,0.4696858585858587
1/11/17,0.6758080808080811,0.6328585858585861,6.593656565656568,120.19444444444444,0.48898989898989903
1/16/17,0.6703838383838387,0.6435252525252526,6.368636363636365,118.69344444444445,0.4754343434343433
1/21/17,0.6703838383838387,0.6435252525252526,6.368636363636365,118.69344444444445,0.4754343434343433
1/26/17,0.663767676767677,0.6436565656565657,6.375454545454548,118.83711111111107,0.4736717171717172
1/31/17,0.6751414141414143,0.6471414141414142,6.2322828282828295,117.76179797979792,0.4816515151515152
2/5/17,0.6715656565656568,0.6452626262626263,6.0626565656565665,118.3962525252525,0.4779242424242424
2/10/17,0.6715656565656568,0.6452626262626263,6.0626565656565665,118.3962525252525,0.4779242424242424
2/15/17,0.6842525252525252,0.6524040404040404,6.010919191919191,120.25889898989895,0.5046717171717171
2/20/17,0.6770606060606059,0.6412323232323234,6.172474747474746,119.09803030303028,0.4821060606060607
2/25/17,0.6770606060606059,0.6412323232323234,6.172474747474746,119.09803030303028,0.4821060606060607
3/2/17,0.6792699999999999,0.6414800000000005,6.057879999999997,119.02588,0.4784350000000001
3/7/17,0.6866999999999999,0.6335400000000002,6.11616,120.38047,0.4667550000000002
3/12/17,0.6737244897959185,0.6381836734693881,6.081693877551019,118.70770408163263,0.4675326530612246
3/17/17,0.6737244897959185,0.6381836734693881,6.081693877551019,118.70770408163263,0.4675326530612246
3/22/17,0.6698367346938776,0.6318775510204082,6.056928571428572,116.14666326530607,0.463168367346939
3/27/17,0.6800816326530614,0.6281224489795919,6.143397959183676,117.06453061224481,0.4475867346938777
4/1/17,0.6800816326530614,0.6281224489795919,6.143397959183676,117.06453061224481,0.4475867346938777
4/6/17,0.6910000000000001,0.612848484848485,6.631848484848487,116.82304040404036,0.4320434343434345
4/11/17,0.6933333333333334,0.6157979797979798,6.5823737373737385,117.80023232323231,0.4363868686868689
4/16/17,0.683131313131313,0.637747474747475,6.197050505050505,117.8363939393939,0.4573030303030303
4/21/17,0.683131313131313,0.637747474747475,6.197050505050505,117.8363939393939,0.4573030303030303
4/26/17,0.6822626262626267,0.6503535353535356,5.8999292929292935,118.96772727272722,0.4642828282828282
5/1/17,0.6816200000000002,0.6475600000000002,5.9962300000000015,120.51978999999999,0.4671500000000001
5/6/17,0.6816200000000002,0.6475600000000002,5.9962300000000015,120.51978999999999,0.4671500000000001
5/11/17,0.6832700000000002,0.6442600000000003,5.9919100000000025,118.66651999999998,0.4613800000000002
5/16/17,0.6801600000000001,0.6518,5.83801,119.00358999999996,0.4858090000000002
5/21/17,0.6847200000000002,0.65188,5.814269999999998,120.54193000000001,0.4853200000000001
5/26/17,0.6847200000000002,0.65188,5.814269999999998,120.54193000000001,0.4853200000000001
5/31/17,0.6859100000000002,0.6541000000000001,5.802979999999996,119.5334,0.5028400000000003
6/5/17,0.6834600000000001,0.6585900000000001,5.7493399999999975,118.91748999999999,0.5121500000000002
6/10/17,0.6834600000000001,0.6585900000000001,5.7493399999999975,118.91748999999999,0.5121500000000002
6/15/17,0.7008099999999999,0.6558399999999999,5.773889999999998,119.62229,0.5064800000000002
6/20/17,0.69408,0.6558399999999999,5.784289999999998,119.45862,0.5119700000000001
6/25/17,0.6919699999999996,0.6600499999999999,5.73313,119.55544999999998,0.5271199999999999
6/30/17,0.6919699999999996,0.6600499999999999,5.73313,119.55544999999998,0.5271199999999999
7/5/17,0.6931919191919191,0.6592424242424243,5.69879797979798,119.6030202020202,0.5382525252525252
7/10/17,0.6972099999999999,0.6636499999999999,5.697240000000001,119.96541,0.5394399999999999
7/15/17,0.6972099999999999,0.6636499999999999,5.697240000000001,119.96541,0.5394399999999999
7/20/17,0.700828282828283,0.6561111111111111,5.761373737373736,120.96197979797978,0.537141414141414
7/25/17,0.6863939393939391,0.6474797979797979,6.161878787878786,120.36071717171714,0.5360272727272726
7/30/17,0.6883232323232326,0.6503686868686869,6.050939393939393,121.426696969697,0.5363969696969695
8/4/17,0.6883232323232326,0.6503686868686869,6.050939393939393,121.426696969697,0.5363969696969695
8/9/17,0.690357142857143,0.6490816326530613,5.871693877551018,120.46780612244905,0.5419285714285711
8/14/17,0.6911938775510205,0.657326530612245,5.7847448979591825,120.5242040816327,0.5461326530612245
8/19/17,0.6911938775510205,0.657326530612245,5.7847448979591825,120.5242040816327,0.5461326530612245
8/24/17,0.6956632653061225,0.6455204081632654,5.927326530612242,121.39478571428572,0.5300816326530612
8/29/17,0.6901632653061226,0.652530612244898,5.902673469387758,120.25720408163264,0.5346122448979592
9/3/17,0.6931632653061225,0.6538469387755101,5.8183571428571454,119.95046938775506,0.5148061224489797
9/8/17,0.6931632653061225,0.6538469387755101,5.8183571428571454,119.95046938775506,0.5148061224489797
9/13/17,0.7075612244897959,0.619887755102041,6.193948979591834,119.09665306122449,0.5059591836734695
9/18/17,0.6994183673469385,0.6371224489795919,6.045663265306123,120.29852040816324,0.5120714285714286
9/23/17,0.6994183673469385,0.6371224489795919,6.045663265306123,120.29852040816324,0.5120714285714286
9/28/17,0.6993877551020409,0.6406632653061224,5.927326530612246,120.52512244897959,0.5261908163265305
10/3/17,0.6944897959183672,0.6318265306122449,5.973469387755103,120.53429591836736,0.5103132653061224
10/8/17,0.6895204081632652,0.6326326530612245,5.943102040816329,119.27596938775508,0.5138948979591837
10/13/17,0.6895204081632652,0.6326326530612245,5.943102040816329,119.27596938775508,0.5138948979591837
10/18/17,0.6893814432989691,0.6377938144329895,5.934711340206188,122.02236082474226,0.5051556701030929
10/23/17,0.6881855670103095,0.6351752577319588,5.917164948453612,118.81150515463919,0.5007701030927837
10/28/17,0.6881855670103095,0.6351752577319588,5.917164948453612,118.81150515463919,0.5007701030927837
11/2/17,0.6937040816326531,0.6336020408163264,6.048693877551024,119.63944897959179,0.5092479591836735
11/7/17,0.7037244897959185,0.6352244897959185,5.969571428571432,122.13863265306124,0.4849459183673468
11/12/17,0.7027551020408163,0.6169591836734692,6.158030612244898,119.93005102040821,0.4791867346938775
11/17/17,0.7027551020408163,0.6169591836734692,6.158030612244898,119.93005102040821,0.4791867346938775
11/22/17,0.701918367346939,0.6173469387755102,6.192653061224487,121.69591836734692,0.4667714285714285
11/27/17,0.7025918367346938,0.6191020408163265,6.333295918367348,122.13837755102043,0.4734153061224489
12/2/17,0.7025918367346938,0.6191020408163265,6.333295918367348,122.13837755102043,0.4734153061224489
12/7/17,0.6914489795918369,0.6225816326530612,6.2347448979591835,121.90044897959184,0.4789744897959183
12/12/17,0.6915714285714288,0.6262244897959184,6.291224489795918,122.83444897959178,0.4841173469387754
12/17/17,0.6843469387755101,0.6186122448979592,6.436122448979593,123.31293877551019,0.4897091836734694
12/22/17,0.6843469387755101,0.6186122448979592,6.436122448979593,123.31293877551019,0.4897091836734694
12/27/17,0.6809183673469387,0.6248163265306123,6.3938571428571445,124.2649387755102,0.4825142857142857
1/1/18,0.6652727272727272,0.6262222222222222,6.441424242424244,125.63775757575756,0.4880656565656567
1/6/18,0.6881414141414138,0.6341414141414139,6.1535656565656565,128.18459595959592,0.467588888888889
1/11/18,0.6817070707070709,0.6409595959595958,6.161151515151517,122.60603030303028,0.4740050505050506
1/16/18,0.6833939393939396,0.6446161616161614,6.105919191919191,120.38780808080807,0.4775959595959596
1/21/18,0.6854141414141417,0.6492525252525251,6.033171717171715,119.3199191919192,0.4730252525252526
1/26/18,0.6854141414141417,0.6492525252525251,6.033171717171715,119.3199191919192,0.4730252525252526
1/31/18,0.6949494949494952,0.6459191919191918,6.1006767676767675,119.33800000000004,0.4780858585858585
2/5/18,0.7117878787878787,0.6436666666666666,6.105898989898987,121.43088888888892,0.4758737373737375
2/10/18,0.7117878787878787,0.6436666666666666,6.105898989898987,121.43088888888892,0.4758737373737375
2/15/18,0.7016262626262627,0.6528787878787881,5.979999999999999,120.28937373737377,0.4775909090909091
2/20/18,0.704979797979798,0.6430404040404042,6.0683333333333325,121.32437373737378,0.4591343434343434
2/25/18,0.7013232323232323,0.6457373737373739,6.097878787878785,121.95026262626259,0.4582353535353534
3/2/18,0.7013232323232323,0.6457373737373739,6.097878787878785,121.95026262626259,0.4582353535353534
3/7/18,0.7030606060606062,0.6500808080808081,6.065777777777777,122.72995959595957,0.4605282828282829
3/12/18,0.7022121212121212,0.6494343434343437,6.050727272727271,120.47726262626264,0.4498919191919193
3/17/18,0.7022121212121212,0.6494343434343437,6.050727272727271,120.47726262626264,0.4498919191919193
3/22/18,0.7021818181818182,0.6502929292929294,6.015565656565657,119.55431313131314,0.4457767676767676
3/27/18,0.6919500000000002,0.6315940000000001,6.25496,118.58568000000002,0.4471089999999999
4/1/18,0.6889699999999999,0.6435540000000001,6.200959999999999,120.29956999999999,0.452859
4/6/18,0.6889699999999999,0.6435540000000001,6.200959999999999,120.29956999999999,0.452859
4/11/18,0.6605200000000001,0.6500100000000001,6.001210000000001,119.36468000000002,0.456114
4/16/18,0.6882499999999997,0.6593400000000001,5.953590000000003,119.70391,0.4593689999999998
4/21/18,0.6882499999999997,0.6593400000000001,5.953590000000003,119.70391,0.4593689999999998
4/26/18,0.6877599999999997,0.6543000000000001,5.995470000000001,122.74381000000001,0.4449069999999999
5/1/18,0.6958282828282828,0.6546262626262629,6.135636363636364,119.97338383838378,0.4434989898989899
